
# Blog pillar redirects - old format to new SEO-friendly format
/blog/pillar-1 /blog/booking-and-reliability 301
/blog/pillar-2 /blog/website-ux-and-conversion 301
/blog/pillar-3 /blog/local-seo-and-gbp 301
/blog/pillar-4 /blog/trust-safety-and-compliance 301
/blog/pillar-5 /blog/client-experience-and-retention 301
/blog/pillar-6 /blog/content-and-social-media 301

# Legacy URL patterns
/blog/pillar/booking-and-reliability /blog/booking-and-reliability 301
/blog/pillar/offers-pricing-partnerships /blog/content-and-social-media 301

# SPA fallback
/* /index.html 200
